composition,band_gap
Se1S1,1.9
C1Br4,3.7
C1I4,2.26
W1O3,2.8
W1Se2,1.45
Pb1O2,1.7
Pb1Cl2,3.94
Pb1N6,3.02
Pb1Br2,3.31
Pb1I2,2.54
Pb1S1,0.37
Pb1Se0.01S0.99,0.37
Pb1Se0.5S0.5,0.33
Pb1Se0.9S0.1,0.27
Pb1Se0.95S0.05,0.26
Pb1Se0.99S0.01,0.26
Pb1Se1,0.26
Pb1Se1O4,4.3
Pb2O3,1.67
Pb2N2Se1O9,3.76
Pb3O4,2.12
Pb3Br2Se2O6,3.73
Pb17O8Cl18,3.44
Rh0.67S2,1.5
Rh0.67Se2,0.7
Rh1S3,1.5
Rh1S1Se1,0.7
Rh1Se2,0.6
Rh1Se3,0.7
Rh2S3,0.8
Pt0.97S2,0.95
Pt1S1,0.64
Pt1S2,0.75
Pt1Se2,0.1
Ru1S2,1.8
Ru1Se2,1.0
Pd1O1,0.8
Pd1I2O6,1.31
Pd1S1,0.5
Pd1S2,0.75
Pd1Se1,0.2
Pd1Se2,0.4
Os1S2,2.0
Ir0.67S2,2.0
Ir0.67Se2,0.45
Ir1S2,0.9
Ir1S1Se1,1.2
Ir1Se2,0.9
H6Pt1I6O20,2.12
N1H7Se2O6,4.81
P1Se1,2.5
Ru1P1S1,1.4
Pd1P1S1,1.4
Pd1P1Se1,0.15
Os1P1S1,1.4
Os1P1Se1,1.4
Pb1H1P1O3,3.97
P2Se3,2.4
P2Se5,2.2
Rh1P2,1.0
Pt1P2,0.6
Ru1P2,1.0
Pd1P2,0.65
Pd3P2S8,2.12
Os1P2,1.2
Ir1P2,1.0
Ru1P4,0.38
Os1P4,0.6
As1Br3,2.6
As1I3,2.47
As1S1,2.4
As1S1I1,2.05
As1S3,2.35
As1Se1I1,1.76
Ru1As1S1,1.2
Os1As1S1,1.3
P1As1,0.23
Pt1P1As1,0.4
Ru1P1As1,0.8
Pd1P1As1,0.45
As2O3,4.0
As2S3,2.43
As2S5,2.48
As2Se3,1.8
Rh1As2,1.15
Pt1As2,0.55
Ru1As2,0.8
Os1As2,0.92
Ir1As2,1.0
Mo1O3,3.66
Mo1Se2,1.6
Pb1Te0.01Se0.99,0.26
Pb1Te0.05Se0.95,0.26
Se0.6Te0.4,1.2
Se0.5Te0.5,1.0
Pb1Te0.5Se0.5,0.29
Se0.4Te0.6,0.7
Se0.2Te0.8,0.4
Pb1Te0.99Se0.01,0.3
Te1O2,3.0
Te1I1,1.1
Te1I4,1.1
Se1Te1,1.58
Te1Se3,1.87
Pb1Te1,0.29
Pb3Cl4Te1O3,3.79
As1Te1,0.74
Ru1Te2,0.25
Pd1Te2,1.8
Os1Te2,0.3
Mo1Te2,1.1
As2Te3,1.68
Sb1I3,2.41
Sb1S1Br1,2.21
Sb1S1I1,1.93
Sb1Se1Br1,1.84
Sb1Se1I1,1.68
Pb1Sb1O2Br1,2.67
Pb1Sb1O2I1,2.48
Pb2Sb1S2I3,2.0
Ru1Sb1Se1,0.9
Os1Sb1S1,1.2
Os1Sb1Se1,0.4
As1Sb1,1.6
Sb1Te1I1,1.28
Rh1Sb1Te1,0.5
Ru1Sb1Te1,0.5
Os1Sb1Te1,0.05
Sb2O3,3.2
Sb2S3,1.71
Sb2Se3,1.15
Pb1Sb2Se4,1.8
Pt1Sb2,0.11
Ru1Sb2,0.3
Os1Sb2,0.21
Sb2Te3,0.24
Sb3O4I1,2.61
Sb5O7I1,1.95
Pb4Sb6Se13,0.65
Pb6Sb6Se17,0.8
Sb8O11I2,2.72
Pb2B1O3Cl1,3.99
Pb6B1Br1O7,2.84
Pb7B1O7Br3,2.62
Pb2B1O4H1,3.76
B1P1,4.2
B1As1,1.46
B1Sb1,2.6
Pb1Sb1B1S4,1.8
B2O3,4.89
Se2B2O7,4.64
Pb6B2Mo1O12,2.9
Pb3B3O10N1,3.64
Pb10B3O13Br3,3.25
Pb2B3O7.5H2,4.42
B4C1,1.64
Pb6B4O13H2,3.24
B6P1,3.3
As1B6,1.51
Pb0.999Se0.999Bi0.002Te0.003,0.79
Pb0.98Se0.98Bi0.04Te0.06,0.28
Pb0.9Se0.9Bi0.2Te0.3,0.25
Bi0.2Te3Sb1.8,0.28
Pb0.8Se0.8Bi0.4Te0.6,0.22
Bi0.4Te3Sb1.6,0.21
Bi0.6Te3Sb1.4,0.2
Bi1O1Cl1,3.46
Bi1O1Br1,2.92
Bi1Br3,2.66
Bi1O1I1,1.89
Bi1I1O3F2,3.97
Bi1I3,1.93
Bi1S1Cl1,1.89
Bi1S1Br1,1.92
Bi1S1I1,1.58
Bi1Se1,0.4
Bi1F1Se1O3,3.83
Bi1Se1Br1,1.54
Bi1Se1I1,1.3
Pb1Bi1O2Cl1,2.45
Pb1Bi1O2Br1,2.3
Pb2Bi1S2I3,1.6
Bi1P1O4,3.85
Pb3Bi1P3O12,3.7
Bi1Te1N1O6,3.62
Bi1Te1I1,0.46
Bi1Sb0.15,0.02
Bi1Te3Sb1,0.19
Pb1Bi1B1O4,3.2
Bi1.4Te3Sb0.6,0.17
Bi1.6Te3Sb0.4,0.16
Bi1.8Te3Sb0.2,0.15
Bi1.98Te3Sb0.02,0.14
Bi2O3,2.86
Bi2I4O13,3.3
Bi2S1I2O11,3.74
Bi2S3,1.3
Bi2Se1I2O11,3.7
Bi2Se3,0.4
Bi2O5C1,3.42
Bi2As1O4Cl1,3.43
Bi2Mo2Se2O13,3.15
Bi2Mo3O12,2.9
Bi2Te0.03Se2.97,0.27
Bi2Te0.1Se2.9,0.78
Bi2Te0.3Se2.7,0.24
Bi2Te0.4Se2.6,0.7
Bi2Te0.45Se2.55,0.2
Bi2Te0.6Se2.4,0.28
Bi2Te0.9Se2.1,0.28
Bi2Te1.2Se1.8,0.28
Bi2Te1.5Se1.5,0.29
Bi2Te2S1O10,3.6
Bi2Te2Se1,0.3
Bi2Te2.1Se0.9,0.29
Bi2Te2.4Se0.6,0.25
Bi2Te2.7Se0.3,0.21
Bi2Te2.97Se0.03,0.15
Bi2Te3,0.25
Bi3F3I4O13,3.7
Bi3Se2N1O11,3.59
Bi3Te1B1O9,2.6
Pb7Bi4Se13,0.29
Bi4Pd1Se4O12,2.06
Bi5O7I1,2.76
Bi7F11O5,4.05
Bi8Te7S5,0.4
Bi9O7.5S6,1.27
Bi12P1O20,3.25
Bi24B1O39,2.91
Pb0.99Ge0.01Se1,0.27
Pb0.99Se0.99Ge0.01Te0.01,0.23
Pb0.99Te0.99Ge0.01S0.01,0.32
Pb0.99Ge0.01Te1,0.32
Pb0.98Te0.98Ge0.02S0.02,0.34
Pb0.97Se0.97Ge0.03S0.03,0.28
Pb0.95Se0.95Ge0.05S0.05,0.29
Pb0.95Ge0.05Se1,0.28
Pb0.95Te0.95Ge0.05S0.05,0.4
Pb0.95Ge0.05Te1,0.34
Pb0.94Se0.94Ge0.06Te0.06,0.28
Pb0.9Se0.9Ge0.1S0.1,0.32
Pb0.9Ge0.1Se1,0.3
Pb0.9Ge0.1Te1,0.35
Pb0.85Se0.85Ge0.15S0.15,0.34
Pb0.85Se0.85Ge0.15Te0.15,0.32
Pb0.85Ge0.15Te1,0.36
Pb0.8Ge0.2Se1,0.35
Pb0.8Se0.8Ge0.2Te0.2,0.36
Pb0.8Ge0.2Te1,0.4
Pb0.75Ge0.25Te1,0.44
Pb0.7Ge0.3Se1,0.4
Pb0.7Ge0.3Te1,0.48
Pb0.61Ge0.39Te1,0.56
Pb0.6Ge0.4Te1,0.51
Pb0.59Ge0.41Te1,0.49
Ge1O2,5.56
Ge1I2,1.5
Ge1S1,1.69
Ge1S2,3.6
Ge1Se1,1.18
Ge1Se2,2.38
Ge1Se2O6,5.27
Pb1Ge1S3,2.4
Pb2Ge1Se4O12,4.1
Ge1P1,0.95
Ge1As1,1.45
Ge1As2,1.06
Ge1Te2,0.3
Bi12Ge1O20,3.25
Ge2Sb2Te5,0.5
Ru2Ge3,0.52
Bi3Ge3O10.5,3.3
Ge40Te5.3I8,0.8
Hg1O1,2.21
Hg1Cl1,3.5
Hg1Cl2,4.45
Hg1Br1,2.6
Hg1Br1Cl1,3.4
Hg1Br2,3.59
Hg1I1,2.37
Hg1S1,2.1
Hg1Se1,0.24
Hg1P1S3,2.6
Hg1Te1,0.18
Hg1Br1Te1,2.06
Hg1I1Te1,1.85
Hg3P1S3,1.98
Hg3P1S4,2.03
Hg3S2Bi2Cl8,3.26
Hg3Te2Bi2Cl8,2.8
Hg5As1S2I3,1.57
Hg7.5As4Cl6,1.73
Hg8As4Bi3Cl13,2.43
Pb0.999Se1Sn0.001,0.32
Pb0.999Sn0.001Te1,0.23
Pb0.99Sn0.01Se1,0.22
Pb0.99Sn0.01Te1,0.23
Pb0.97Se1Sn0.03,0.29
Pb0.97Sn0.03Te1,0.3
Pb0.95Se1Sn0.05,0.19
Pb0.94Se1Sn0.06,0.19
Pb0.94Sn0.06Te1,0.28
Pb0.93Sn0.07Se1,0.08
Pb0.92Sn0.08Se1,0.06
Pb0.92Se0.92Sn0.08Te0.08,0.22
Pb0.92Sn0.08Te1,0.16
Pb0.9Sn0.1Se1,0.17
Pb0.9Sn0.1Te1,0.16
Pb0.87Sn0.13Se1,0.02
Pb0.85Sn0.15Se1,0.14
Pb0.85Se0.85Sn0.15Te0.15,0.18
Pb0.85Sn0.15Te1,0.15
Pb0.83Sn0.17Se1,0.04
Pb0.83Sn0.17Te1,0.15
Pb0.8Sn0.2Se1,0.06
Pb0.8Se0.8Sn0.2Te0.2,0.14
Pb0.8Sn0.2Te1,0.11
Pb0.77Sn0.23Te1,0.04
Pb0.75Sn0.25Se1,0.04
Pb0.75Sn0.25Te1,0.04
Pb0.72Se0.72Sn0.28Te0.28,0.12
Pb0.65Se0.65Sn0.35Te0.35,0.09
Pb0.01Sn0.99Te1,0.3
Sn1O1,3.0
Sn1O2,3.6
Sn1Cl2,3.9
Sn1Br2,3.5
Sn1I2,2.4
Sn1I4,2.38
Sn1S1,1.2
Sn1S2,2.43
Sn1S0.99Se0.01,1.11
Sn1S0.8Se0.2,1.03
Sn1S0.4Se0.6,0.98
Sn1S0.25Se0.75,0.94
Sn1S0.01Se0.99,0.89
Sn1Se1,0.95
Sn1Se2,1.62
Pb1Sn1S3,1.05
Sn1Te1,0.33
Ge1Sn1,0.8
Sn1Ge1S3,2.23
Hg1Sn1O3,1.6
Sn2S1,0.85
Sn2W1O5,2.6
Sn2Sb1S2I3,1.5
Sn2Bi1S1I5,1.32
Sn2Bi1S2I3,1.22
Sn3W1O6,2.49
Ir2Sn3Se3,0.43
Sn3As2,0.47
Ag0.5Pb1.75Ge1S4,1.83
Ag0.5Pb1.75Ge1Se4,1.51
Ag1F1,2.8
Ag1O1,1.57
Ag1Cl1,5.13
Ag1N3,3.44
Ag1Br1,2.52
Ag1I1,2.92
Ag1S1,1.2
Ag1S1O4,0.18
Ag1Pd1I3O9,1.5
Ag1P15,1.47
Ag1As1S2,2.26
Ag1As1Se2,1.4
Ag1Te1,0.85
Ag1As1Te2,0.8
Ag1Sb1S2,1.9
Ag1Sb1Se2,0.67
Ag1Sb1Te2,0.48
Ag1Bi1S2,0.9
Ag1Bi1Se2,0.34
Ag1Pb1Bi1S3,1.2
Ag1Pb1Bi1Se3,0.13
Ag1Bi1P2S6,1.7
Ag1Bi1P2Se6,1.4
Ag2O1,1.5
Ag2S1,1.03
Ag2Pd1O2,0.18
Ag2Mo1I4O14,3.06
Ag2Ge1S3,1.98
Ag2Ge1Se3,0.91
Ag2Ge1Te3,0.07
Ag2Hg1I4,2.47
Ag2Sn1S3,1.37
Ag2Sn1Se3,0.81
Ag3As1S3,2.1
Ag3As1Se3,2.1
Ag3Sb1S3,2.05
Ag5I1O6,1.4
Ag7As1S6,1.0
Ag7As1Se6,1.0
Ag8Ge1S6,1.18
Ag8Sn1Se6,0.71
Ni1O1,4.0
Ni1S2,0.64
Ni1C2N2,2.0
Ni1P2,0.5
Ni1Te1,0.23
Ni2Te3O8,3.84
Tc1S2,1.0
Tc1Se2,0.88
Ge0.999Si0.001,0.65
Ge0.97Si0.03,0.67
Ge0.9355Si0.0645,1.04
Ge0.93Si0.07,1.04
Ge0.92Si0.08,0.72
Ge0.9Si0.1,0.8
Ge0.891Si0.109,1.13
Ge0.88Si0.12,0.84
Ge0.838Si0.162,1.32
Ge0.8Si0.2,0.86
Ge0.774Si0.226,1.5
Ge0.7Si0.3,0.88
Ge0.653Si0.347,1.91
Ge0.6Si0.4,0.9
Ge0.542Si0.458,2.24
Ge0.4Si0.6,0.94
Ge0.3Si0.7,1.0
Ge0.2Si0.8,1.1
Ge0.1Si0.9,1.04
Ge0.06Si0.94,1.06
Ge0.02Si0.98,1.08
Ge0.001Si0.999,1.09
Si1Se2,1.73
Si1P1,2.0
Si1P2,1.89
Si1As1,1.48
Si1As2,0.88
Si1Te2,1.85
Sb1Si1,1.9
Si1B3,2.0
Bi12Si1O20,3.2
Ge1Si1,0.88
Sn1Si1,0.59
Si2Te3,2.03
Si3N4,5.1
Ru2Si3,0.44
Si15P8Te4,1.24
Re1O3,2.3
Re1S2,1.1
Re1Se2,0.99
Re1Si2,0.13
Cu0.5Pb1.75Ge1S4,1.48
Bi2Cu0.96Se3I1,0.68
Cu1Cl1,3.27
Cu1N3,4.17
Cu1Br1,2.99
Cu1I1,3.05
Cu1P1S3,2.2
Cu1P2,1.45
Cu1Sb1S2,1.38
Cu1Sb1Se2,1.05
Pb1Cu1Sb1S3,1.31
Cu1B1S2,3.61
Bi1Cu1O1S1,1.07
Bi1Cu1O1Se1,0.82
Cu1Pb1Bi1S3,0.12
Cu1Pb1Bi1Se3,0.07
Cu1Bi1P2Se6,1.2
Hg1Cu1Se2O6,3.25
Cu1Ni1C4N4,2.7
Cu1.8S1,2.3
Cu2O1,2.59
Cu2Se1,1.29
Cu2W1Se4,1.65
Cu2Te1,1.08
Cu2Te3O8,2.64
Cu2Ge1S3,0.53
Cu2Ge1Se3,1.1
Cu2Sn1Se3,0.7
Cu3As1S4,1.24
Cu3As1Se4,0.65
Cu3Sb1S4,0.8
Cu3Sb1Se4,0.31
Bi6Cu3S10I1,0.72
Hg2Cu3Te6O16,2.56
Cu4Sn7S16,0.8
Pb1Co1O3,0.28
Co1P1S1,0.4
Co1P2,0.35
Co1P3,0.45
Co1As1S1,0.6
Co1As1Se1,0.2
Co1As3,0.4
Co1Te1.88,0.2
Co1Sb1S1,0.11
Co1Sb2,0.17
Co1Sb3,0.5
Co2Te3O8,3.6
Fe1I2,5.15
Fe1P1S1,0.25
Fe1P4,0.32
Fe1As1S1,0.4
Fe1As1Se1,0.6
Bi1Fe1Se3O9,2.54
Bi25Fe1O39,2.8
Ag1Fe1Se2,0.23
Ag1Fe1Te2,0.31
Fe1Si2,0.9
Cu1Fe1S2,0.5
Cu1Fe1Se2,0.16
Cu1Fe1Te2,0.16
Fe2O3,2.2
Fe2Te3,0.34
Fe2P3B1O12,3.52
Fe4I3O24H15,2.3
Pb0.999Te1Ga0.001,0.3
Pb0.995Te1Ga0.005,0.37
Pb0.99Te1Ga0.01,0.42
Pb0.96Te1Ga0.04,0.37
Pb0.93Te1Ga0.07,0.34
Ga0.9Sb0.9Hg0.1Te0.1,0.65
Ga0.95Sb0.95Hg0.05Te0.05,0.69
Ga0.99Sb0.99Hg0.01Te0.01,0.72
Ga1N1,3.44
Ga1S1,2.59
Ga1Se1,2.09
Ga1H1Se1O4,5.51
Ga1P1,2.75
Ga1As0.01P0.99,2.23
Ga1As0.1P0.9,1.22
Ga1As0.2P0.8,2.2
Ga1As0.3P0.7,2.16
Ga1As0.4P0.6,2.1
Ga1As0.5P0.5,2.0
Ga1As0.6P0.4,1.91
Ga1As0.7P0.3,1.8
Ga1As0.8P0.2,1.62
Ga1As0.9P0.1,1.5
Ga1As0.99P0.01,1.37
Ga1As1,1.48
Ga1Te1,1.67
Ga1As0.99Sb0.01,0.7
Ga1As0.86Sb0.14,0.66
Ga1As0.75Sb0.25,0.65
Ga1As0.7Sb0.3,0.67
Ga1As0.65Sb0.35,0.68
Ga1As0.2Sb0.8,1.02
Ga1As0.15Sb0.85,1.1
Ga1As0.05Sb0.95,1.28
Ga1As0.01Sb0.99,1.37
Ga1Sb1,0.78
Ga1Bi1,0.1
Bi25Ga1O39,2.99
Ga1Ge1Te1,1.1
Ag1Ga1O2,2.2
Ag1Ga1S2,2.64
Ag1Ga1Se2,1.66
Ag1Ga1Te2,1.1
Ag1Ga1Ge1S4,3.0
Ag1Ga1Ge3Se8,2.17
Ag1Ga1Ge5Se12,2.14
Ga1Tc1,1.42
Ag1Ga1Si1Se4,2.63
Cu1Ga1O2,1.47
Cu1Ga1S2,2.44
Cu1Ga1Se2,1.6
Cu1Ga1Te2,1.0
Cu1Ga1Ge1Se4,1.38
Ga1.001Sb0.999Se0.003,0.71
Ga1.001Sb0.999Te0.003,0.72
Ga1.002Sb0.998Se0.006,0.7
Ga1.002Sb0.998Te0.006,0.7
Ga1.005Sb0.995Se0.015,0.64
Ga1.005Sb0.995Te0.015,0.68
Ga1.01Sb0.99Se0.03,0.62
Ga1.01Sb0.99Te0.03,0.68
Cu0.99Ga1.01Se2.01,1.59
Ga1.02Sb0.98Se0.06,0.63
Ga1.02Sb0.98Te0.06,0.68
Ga1.05Sb0.95Se0.15,0.66
Ga1.05Sb0.95Te0.15,0.68
Ga1.1Sb0.9Se0.3,0.67
Ga1.1Sb0.9Te0.3,0.7
Cu0.9Ga1.1Se2.1,1.59
Cu0.8Ga1.2Se2.2,1.58
Cu0.5Ga1.5S2.5,2.46
Cu0.5Ga1.5Se2.5,1.76
Cu0.4Ga1.6S2.6,2.45
Cu0.35Ga1.65S2.65,2.57
Cu0.35Ga1.65Se2.65,1.81
Cu0.3Ga1.7S2.7,2.6
Cu0.2Ga1.8S2.8,2.65
Cu0.2Ga1.8Se2.8,1.86
Cu0.15Ga1.85Se2.85,1.92
Cu0.1Ga1.9S2.9,2.65
Cu0.05Ga1.95S2.95,2.64
Cu0.05Ga1.95Se2.95,1.96
Cu0.01Ga1.99Se2.99,1.99
Ga2O3,4.54
Ga2S3,2.84
Ga2Se2O7,4.61
Ga2Se3,2.05
Pb1Ga2S4,2.38
Pb1Ga2Se4,1.83
Ga2Te3,1.45
Ga2Te3O9,4.14
Pb1Ga2Ge1Se6,1.96
Ga2Ge1Te3,0.85
Hg1Ga2S4,2.79
Hg1Ga2Se4,1.95
Sn1Ga2Ge1S6,2.04
Pb1Ga2Si1Se6,2.17
Ag2Ga2Si1S6,2.35
Cu1Ga2S3.5,2.42
Cu1Ga2Se4,0.63
Ag3Ga3Si1Se8,2.3
Cu1Ga3Se5,1.81
Cu1Ga3Te5,1.09
Pb1Ga4S7,3.08
Sn1Ga4S7,3.1
Sn1Ga4Se7,2.55
Cu2Ga4Te7,1.08
Pb4Ga5Ge1S12,2.35
Pb4Ga5Ge1Se12,1.91
Pb0.999Te1In0.001,0.3
Pb0.995Te1In0.005,0.43
Pb0.99Te1In0.01,0.53
In0.01P0.01Ga0.99As0.99,1.43
Ga0.99In0.01As1,1.4
Pb0.96Te1In0.04,0.37
Pb0.93Te1In0.07,0.32
In0.1As0.1Ga0.9P0.9,2.25
In0.1P0.1Ga0.9As0.9,1.6
In0.2As0.2Ga0.8P0.8,2.15
In0.2P0.2Ga0.8As0.8,1.58
Ga0.8In0.2As1,1.07
In0.3Ga0.7P1,2.2
In0.3As0.3Ga0.7P0.7,2.05
In0.3P0.3Ga0.7As0.7,1.67
Ga0.7In0.3As1,1.0
In0.4Ga0.6P1,2.05
In0.4As0.4Ga0.6P0.6,1.85
In0.4P0.4Ga0.6As0.6,1.74
Ga0.6In0.4As1,0.81
Cu1Ga1.6In0.4S3.5,2.15
In0.5Ga0.5P1,1.9
In0.5As0.5Ga0.5P0.5,1.55
Ga0.5In0.5As1,0.75
In0.6As0.6Ga0.4P0.4,1.25
In0.7P0.7Ga0.3As0.3,1.58
Ga0.28In0.72As1,0.55
In0.8P0.8Ga0.2As0.2,1.4
In0.8As0.8Ga0.2P0.2,0.85
Ga0.2In0.8As1,0.5
In0.9P0.9Ga0.1As0.1,1.32
In0.9As0.9Ga0.1P0.1,0.45
In0.99P0.99Ga0.01As0.01,1.3
In0.99As0.99Ga0.01P0.01,0.3
In1N1,2.11
In1S1,2.06
In1Se1,1.25
In1P1,1.35
In1P1S4,3.12
In1P2S4,2.75
In1P2Se4,1.29
In1As1,0.4
In1As1I1,0.41
In1Sb0.01As0.99,0.17
In1Sb0.1As0.9,0.14
In1Sb0.2As0.8,0.12
In1Sb0.3As0.7,0.11
In1Sb0.4As0.6,0.1
In1Sb0.5As0.5,0.1
In1Sb0.6As0.4,0.13
In1Sb0.7As0.3,0.16
In1Sb0.8As0.2,0.21
In1Sb0.9As0.1,0.27
In1Sb0.99As0.01,0.35
In1Sb1,0.22
In1Sb2S4Cl1,1.8
In1Sb2S4Br1,1.8
In1Sb2Se4Br1,1.35
In1Bi2S4Cl1,1.5
In1Bi2S4Br1,1.5
In1Bi2Se4Br1,1.21
Hg4As2.5In1Br3.5,1.71
Hg7In1S6Cl5,2.54
In1Sn1As1Se1,0.26
In1Sn2As2Se1,0.2
Ag1In1O2,4.2
Ag1In1S2,1.9
Ag1In1Se2,1.18
Ag1In1Te2,0.96
Ag1.75In1Sb5.75Se11,0.94
Cu1In1S2,1.54
Cu1In1Se2,0.95
Cu1In1Te2,0.89
Cu1In1Ge1Se4,1.3
Cu1Ga1In1S3.5,1.84
Cu0.99In1.01Se2.01,1.08
Cu0.95In1.05Se2.05,1.07
Cu0.9In1.1Se2.1,1.06
Cu0.7In1.3Se2.3,1.1
Cu0.5In1.5Se2.5,1.24
Cu0.4In1.6Se2.6,1.32
Cu1Ga0.4In1.6S3.5,1.55
Cu0.35In1.65Se2.65,1.19
Cu0.3In1.7Se2.7,1.21
Cu0.2In1.8Se2.8,1.26
Cu0.15In1.85Se2.85,1.32
Cu0.1In1.9Se2.9,1.45
Cu0.01In1.99Se2.99,1.45
In2O3,2.8
In2S3,2.0
In2Se1,0.69
In2Se2O7,2.97
In2Se3,1.2
In2As2O5Cl2,4.62
In2Te1,0.46
In2P3B1O12,5.39
In2Bi3Se7I1,1.38
In2Ge1Te3,0.68
Hg1In2S4,2.0
Hg1In2Se4,0.6
Hg1In2Te4,1.17
Hg6P6In2Cl9,3.13
Cu1In2S3.5,1.43
Fe1In2Se4,1.15
Ag1In3Te5,0.68
Cu1In3S5,1.2
Cu1In3Se5,0.6
Cu1In3Te5,1.01
In4S5,0.9
In4Se3,0.64
In4As5O12Br3,4.22
In4Te3,0.5
Bi3In4S10,1.42
Cu2In4Te7,1.1
In5Se6,0.14
Ag1In5S8,1.76
Ag1In5Te8,0.47
Cu1In5S8,1.34
In6S7,0.89
In6Se7,0.64
Ag1In9Te14,1.5
Bi14.7In11.3S38,1.45
Hg0.99Cd0.01Se1,1.72
Ga0.99Sb0.99Cd0.01Te0.01,0.72
In0.99As0.99Cd0.01Te0.01,0.76
In0.98As0.98Cd0.02Te0.02,0.73
In0.97As0.97Cd0.03Te0.03,0.71
In0.96As0.96Cd0.04Te0.04,0.69
Ga0.95Sb0.95Cd0.05Te0.05,0.74
In0.95As0.95Cd0.05Te0.05,0.68
In0.94As0.94Cd0.06Te0.06,0.68
In0.93As0.93Cd0.07Te0.07,0.68
Hg0.9Cd0.1Se1,1.32
Ga0.9Sb0.9Cd0.1Te0.1,0.78
In0.9As0.9Cd0.1Te0.1,0.69
Hg0.8Cd0.2Se1,1.1
Ga0.8Sb0.8Cd0.2Te0.2,0.8
Ag0.4Cd0.2In2.4Te4,0.42
Hg0.796Cd0.204Te1,0.06
Hg0.77Cd0.23Te1,0.12
Hg0.72Cd0.28Te1,0.21
Hg0.7Cd0.3Se1,1.1
Hg0.7Cd0.3Te1,0.35
Hg0.65Cd0.35Te1,0.28
Hg0.63Cd0.37Te1,0.35
Hg0.6Cd0.4Se1,0.95
Hg0.5Cd0.5Se1,0.8
Ag0.4Cd0.5In2.2Te4,0.19
Ag0.25Cd0.5In2.25Te4,0.39
Hg0.4Cd0.6Se1,0.7
Hg0.3Cd0.7Se1,0.55
Ag0.2Cd0.75In2.1Te4,0.54
Hg0.2Cd0.8Se1,0.45
Ag0.1Cd0.8In2.1Te4,0.29
Hg0.1Cd0.9Se1,0.35
Hg0.01Cd0.99Se1,0.29
Ga0.01Sb0.01Cd0.99Te0.99,1.35
Cd1O1,2.3
Cd1Cl2,5.7
Cd1Br2,4.47
Cd1I1O3Cl1,4.3
Cd1I2,3.8
Cd1S1,2.53
Cd1S0.99Se0.01,2.4
Cd1S0.8Se0.2,2.23
Cd1S0.65Se0.35,2.13
Cd1S0.55Se0.45,2.05
Cd1S0.35Se0.65,1.93
Cd1S0.01Se0.99,1.68
Cd1Se1,1.86
Cd1I1O4H1,4.35
Cd1P2,2.11
Cd1P2S4,3.76
Cd1P4,1.0
Pb1Cd1P4O12,4.85
Cd1As2,1.04
Cd1Te1,1.56
Cd1Te1O3,3.91
Cd1Sb1,0.49
Cd1Sb2Se3Br2,1.4
Cd1Mo1Sb4O10,3.4
Cd1Bi1O2Cl1,3.08
Cd1Ge1P2,1.73
Cd1Ge1As2,0.65
Hg4As2Cd1I4,1.45
Hg6As4Cd1Br6,1.94
Hg6.5As4Cd1Cl6,2.05
Cd1Sn1O3,3.0
Cd1Sn1P2,1.4
Cd1Sn1As2,0.4
Ag2Cd1P2S6,2.49
Ag2Cd1Ge1S4,2.32
Cd1Si1P2,2.16
Cd1Si1As2,1.52
Cd1Cu1Se2O6,3.33
Cu2Cd1Ge1S4,2.05
Cu2Cd1Ge1Se4,1.2
Cu2Cd1Sn1S4,1.4
Cu2Cd1Sn1Se4,0.96
Cd1Ga2S4,3.44
Cd1Ga2Se4,2.41
Cd1In1,0.6
Cu1Cd1In1Se3,1.66
Cd1In2S4,2.3
Cd1In2Se4,1.57
Cd1In2Te4,1.17
Cd1In8Te13,1.02
Cd1In30Te46,1.17
Ag1In1Cd2Te3,0.47
Cu1In1Cd2Te3,0.7
Cu1Cd2In1Te4,0.85
Cd3P2,0.56
Cd3As2,0.24
Cd3Mo1Te2O10,3.81
Cd3Sb2,0.3
Cd3Bi1P3O12,3.9
Cd3Bi2,0.2
Ag1Cd3P1S6,2.56
Cd3In2S2Te4,1.23
Cd4P2Cl3,2.24
Cd4P2Br3,2.19
Cd4P2I3,2.17
Cd4As2Br3,1.88
Cd4As2I3,1.89
Cd4Sb2I3,1.83
Cd4Sb3,1.25
Cd5Ga2S2Te6,1.29
Cd6P7,0.85
Cd8B5O15F1,3.14
Cd12Ge17B8O58,4.29
Cr1O2,0.23
Cr1O3,1.4
Pb1Cr1O4,2.25
Cr1Te2,0.17
Cr1Sb2,0.16
Pb6B2Cr1O12,1.8
Bi2Cr1I2O11,2.4
Cr1Si2,1.3
Cr2O3,3.4
Cr2S3,0.9
Cr3Se4,1.59
Zn0.01S0.01Ga0.99P0.99,2.25
Ga0.99P0.99Zn0.01Se0.01,2.24
Ga0.99As0.99Zn0.01Se0.01,1.39
Ga0.99Sb0.99Zn0.01Te0.01,0.72
Zn0.01Cd0.99Se1,2.5
Ga0.95Sb0.95Zn0.05Te0.05,0.85
Ga0.9Sb0.9Zn0.1Te0.1,1.0
Ga0.85As0.85Zn0.15Se0.15,1.47
Zn0.15Cd0.85Se1,2.5
Hg0.8Zn0.2Te1,0.08
Ga0.8Sb0.8Zn0.2Te0.2,1.15
Ga0.75P0.75Zn0.25Se0.25,2.18
Ga0.75As0.75Zn0.25Se0.25,1.51
Zn0.3S0.3Ga0.7P0.7,2.3
Zn0.4Hg0.6Se1,0.42
Ga0.58As0.58Zn0.42Se0.42,1.67
Zn0.43Cd0.57Se1,2.8
Zn0.5Hg0.5Se1,0.75
Ga0.5P0.5Zn0.5Se0.5,2.13
Ga0.5As0.5Zn0.5Se0.5,1.52
Zn0.5Cd0.5Se1,3.0
Zn0.55Hg0.45Se1,0.8
Zn0.55S0.55Ga0.45P0.45,2.3
Ga0.4As0.4Zn0.6Se0.6,1.8
Zn0.65Hg0.35Se1,1.0
Zn0.7S0.7Ga0.3P0.3,2.5
Ga0.3P0.3Zn0.7Se0.7,2.15
Ga0.3As0.3Zn0.7Se0.7,1.93
Zn0.75Hg0.25Se1,1.4
Hg0.25Zn0.75Te1,1.37
Zn0.75Cd0.25Se1,3.2
Zn0.8Hg0.2Se1,1.4
Hg0.2Zn0.8Te1,1.4
Zn0.85Hg0.15Se1,1.8
Zn0.85S0.85Ga0.15P0.15,2.4
Ga0.15As0.15Zn0.85Se0.85,2.25
Hg0.14Zn0.86Te1,1.66
Zn0.9Hg0.1Se1,1.75
Hg0.1Zn0.9Te1,1.83
Zn0.9S0.9Ga0.1P0.1,2.8
Ga0.1P0.1Zn0.9Se0.9,2.3
Ga0.1As0.1Zn0.9Se0.9,2.34
Hg0.08Zn0.92Te1,1.9
Hg0.06Zn0.94Te1,2.12
Zn0.95S0.95Ga0.05P0.05,2.7
Ga0.05P0.05Zn0.95Se0.95,2.4
Zn0.99Hg0.01Se1,2.6
Hg0.01Zn0.99Te1,2.3
Zn0.99S0.99Ga0.01P0.01,3.7
Ga0.01P0.01Zn0.99Se0.99,2.6
Ga0.01As0.01Zn0.99Se0.99,2.59
Ga0.01Sb0.01Zn0.99Te0.99,2.1
Zn0.99Cd0.01Se1,3.7
Zn1O1,3.42
Zn1I2,4.53
Zn1S1,3.7
Zn1Se1,2.76
Zn1As1,0.9
Zn1As2,0.93
Zn1Te1,2.29
Zn1Sb1,1.09
Zn1Mo1Sb2O7,3.3
Zn1B12O24H10,4.6
Bi38Zn1O58,2.88
Zn1Ge1N2,2.9
Zn1Ge1P2,2.2
Zn1Ge1As2,1.1
Hg3Zn1S2Cl4,2.65
Zn1Hg3Se2Cl4,2.23
Zn1Sn1O3,3.9
Zn1Sn1P2,1.66
Zn1Sn1As2,0.67
Zn1Sn1Sb2,0.3
Zn1Tc1,2.37
Zn1Si1P2,2.07
Zn1Si1As2,2.12
Ag2Zn1Si1S4,3.28
Cu2Zn1Ge1S4,2.1
Cu2Zn1Ge1Se4,1.63
Cu2Zn1Sn1Se4,1.44
Cu2Zn1Sn1Te4,1.39
Cu2Zn1Si1S4,3.2
Cu2Zn1Si1Se4,2.33
Cu2Zn1Si1Te4,1.47
Zn1Ga2Se4,1.72
Zn1In2S4,2.8
Zn1In2Se4,1.95
Zn1In2Te4,1.87
Zn2Mo1Se1O7,4.2
Zn2Mo1Te1O7,4.1
Cu1Zn2In1Se4,1.1
Cu1Zn2In1Te4,1.05
Zn2In2S5,2.7
Zn3P2,1.15
Zn3P2S8,3.07
Zn3As2,0.96
Zn3Sb2,0.2
Zn3B2O6,2.6
Zn3In2S6,3.05
Sn0.5Ga1Zn3.5O6,2.99
Zn4Sb3,1.2
Sn0.5Ga1Zn4.5O7,3.0
Sn0.5Ga1Zn5.5O8,2.99
Zn6S5Cl2,2.71
V1O1,0.3
V1O2,0.5
V1Te1O5H1,2.51
Bi1V1Se2O8,2.2
Bi24V1O41,3.25
Ag1V1I2O8,2.24
Ag2V1I3O11,2.16
Cu3V1S4,1.0
V1Fe1Sb1,0.46
Ga1V1Te2O8,3.0
Ni2In1V1O6,1.92
Bi1Zn2V1O6,2.4
V2O5,2.36
Pb4V2Se6O21,3.37
Bi4V2O11,2.0
Cd2V2Te2O11,2.48
Zn3V2Te1O10,2.96
Pb2V3Se5O18,3.14
V3As2O9,0.76
Pb3Bi1V3O12,2.5
Cd4V3Te3O15,2.66
Pb0.999Te1Tl0.001,0.3
Pb0.995Te1Tl0.005,0.48
Pb0.99Te1Tl0.01,0.59
Pb0.96Te1Tl0.04,0.57
Pb0.93Te1Tl0.07,0.54
Tl1Cl1,3.46
Tl1N1,1.4
Tl1N3,3.58
Tl1Br1,3.01
Tl1S1,1.37
Tl1S2,1.8
Tl1Se1,0.75
Tl1P1S2,1.6
Tl1P1Se2,0.6
Tl1As1S2,2.22
Tl1As1Se2,1.4
Tl1P1Te1,0.3
Tl1Sb1S2,1.54
Tl1Sb1Se2,0.82
Tl1Sb1Te3,0.38
Tl1Bi1Te2,0.12
Tl1Bi1Te3,0.5
Tl1Hg6S4Br5,3.03
Tl1Hg6Se4Br5,2.8
Tl1Au1Sn1Se3,1.2
Ag1Tl1Se2,0.72
Ag1Tl1Te2,0.1
Tl1Cu1Cl3,2.98
Cu1Tl1Se2,1.07
Tl1Ga1S2,3.4
Tl1Ga1Se2,1.65
Tl1Ga1Te2,1.8
Tl1In1S2,2.3
Tl1In1Se2,1.21
Tl1In1Te2,0.68
Tl1In1Ge1S4,2.3
Tl1Hg1In1S3,1.74
Cd1Tl1S2,1.5
Tl1Cr5S8,1.01
Tl1Cr5S7Se1,0.97
Tl1Cr5S6Se2,0.94
Tl1Cr5S5Se3,0.89
Tl1Cr5S4Se4,0.85
Tl1Cr5S3Se5,0.8
Tl1Cr5S2Se6,0.75
Tl1Cr5S1Se7,0.71
Tl1Cr5Se8,0.67
Tl2O3,2.25
Tl2S1,1.0
Tl2Se1,0.37
Tl2Au1P1S4,2.2
Tl2Te1Br6,2.06
Tl2Te1I6,1.47
Tl2Te1S3,1.6
Tl2Te3,0.51
Tl2Se1As2Te3,0.67
Tl2Bi1P2S7,1.8
Tl2Ge1Te3,0.37
Tl2Hg3S4,2.05
Tl2Hg3Se4,1.57
Tl2Hg3Te4,0.9
Tl2Cu2Sn1S4,1.4
Tl2In1Ga1Se4,2.05
Tl2In1Ga1Te4,0.88
Tl2.35Sb8.65Se14,0.6
Tl3As1Se3,1.3
Tl3V1S4,1.76
Tl4Cu1Te1O6,2.2
Tl4Ga1In3S8,2.63
Tl4Cd1I6,2.8
Tl6Cu1Te2O10,2.3
Ga0.99Al0.01P1,2.27
In0.99Al0.01P1,1.3
Cd0.99Te0.99Al0.01Sb0.01,1.6
Cd0.95Te0.95Al0.05Sb0.05,1.37
In0.9Al0.1P1,1.5
Cd0.9Te0.9Al0.1Sb0.1,1.36
Ga0.85Al0.15As1,1.6
Ga0.8Al0.2P1,2.3
In0.8Al0.2P1,1.7
Ga0.7Al0.3As1,1.81
In0.7Al0.3P1,1.9
Ga0.65Al0.35As1,2.0
Ga0.6Al0.4P1,2.35
In0.6Al0.4P1,2.12
Cd0.6Te0.6Al0.4Sb0.4,1.8
Cd0.55Te0.55Al0.45Sb0.45,1.93
Ga0.5Al0.5As1,2.12
In0.5Al0.5P1,2.3
Ga0.4Al0.6P1,2.4
Ga0.4Al0.6As1,2.3
In0.4Al0.6P1,2.3
In0.3Al0.7P1,2.3
Ga0.25Al0.75As1,2.42
Ga0.2Al0.8P1,2.43
Ga0.01Al0.99P1,2.49
In0.01Al0.99P1,2.4
Cd0.01Te0.01Al0.99Sb0.99,2.21
Al1N1,5.9
Al1P1,3.0
Al1Sb1,1.65
Al1B12,2.2
Al1Bi1,0.4
Ag1Al1O2,3.6
Ag1Al1S2,3.13
Ag1Al1Se2,2.55
Ag1Al1Te2,1.9
Cu1Al1S2,3.5
Cu1Al1Se2,2.7
Cu1Al1Te2,2.06
Al1V1Te2O8,2.9
Al2S3,4.1
Al2Se3,3.1
Al2Te3,2.2
Nb1Se2,1.4
Nb1Ir1Sn1,0.28
Ag2Nb1P2S8,2.02
Cu1Nb1O3,2.0
Cu3Nb1Se4,2.45
Nb2O5,3.08
Pb2Nb2Se4O15,2.79
Ag1Nb2P1S10,1.78
Tl3Cu1Nb2Se12,0.8
Tl4Nb2S11,1.8
Cu1Nb3O8,1.47
Nb6V1Sb3O25,3.2
Be1S1,4.17
Be1Se1,4.0
Be1Te1,2.89
Be3N2,3.8
Be3Sb2,0.67
Pb0.95Mn0.05Te1,0.37
Pb0.9Mn0.1Te1,0.49
Mn1O1,3.6
Mn1O2,1.3
Mn1I2,4.4
Mn1Se1,2.5
Pb2Mn1O4,1.5
Mn1P1Se3,2.5
Mn1P4,0.28
Mn1Te1,1.35
Mn1Te9,2.0
Mn1Sb2O4,2.65
Mn1Sb2Se4,0.31
Mn1Si1,0.6
Pb1Mn1In2S5,1.45
Mn1V1Te2O8,1.9
Mn1Al3,0.58
Mn11Si19,0.8
Mn15Si26,0.7
Ti1O2,3.3
Ti1S2,1.95
Ti1S3,0.9
Ti1Se2,1.55
Ti1C0.9,0.3
Ti1Te2,1.0
Bi12Ti1O20,3.09
Bi25Ti1O39,3.1
Ti1Ni1Sb1,0.42
Ti1Co1Sb1,0.95
Fe2Ti1Si1,0.4
Ti1Tl1S2,1.0
Ti1Tl1Se2,0.56
Tl1Ti1P1S5,1.3
H2Ti6O13,3.4
Ta1N1,2.3
Ta1O1N1,2.4
Cu3Ta1S4,3.0
Ta1Ga1S2,2.56
Ta1Ga1Se2,2.03
Tl1Ta1S3,0.78
Tl3Ta1S4,2.7
Ta2O5,4.2
Tl4Ta2S11,1.26
Mn3Ta2O8,1.89
Cu2Ta4O11,2.7
Cu3Ta7O19,2.47
Cu2Ta11O30,2.59
Cu5Ta11O30,2.58
U1O1,1.5
U1O2,2.18
U1P2S7,1.41
U1P2S9,1.41
Hg3Te2U1Cl6,2.6
Hg4As2U1Cl6,1.9
Sc1N1,2.6
Sc1Pd1Sb1,0.23
Hg1Sc1,0.24
Ag1Sc1O2,3.8
Ag1Sc1P2Se6,1.55
Sc1Ni1Sb1,0.11
Cu1Sc1O2,3.3
Cu3Sc1Se3,0.3
Cd1Sc1,1.71
Tl1Sc1S2,1.51
Tl1Sc1Se2,0.79
Tl1Sc1Te2,0.85
Sc1Ti1Nb1O6,3.58
Sc1Ta2O5N1,2.67
Sc2S3,2.0
Fe1Sc2,0.77
Ta1.33Zr0.67O0.12N3.03,1.71
Zr1O2,4.99
Zr1S2,2.75
Zr1S3,2.17
Zr1Se2,2.0
Zr1Se3,1.5
Zr1C1,0.6
Hg4P2Zr1Cl6,3.22
Hg4As2Zr1Cl6,2.48
Zr1Ni1Sb1,0.55
Ta1Zr1N3,1.72
Ta0.67Zr1.33O1.89N1.63,2.48
Ta0.67Zr1.33O1.38N1.97,2.31
Ta0.67Zr1.33O0.42N2.61,1.93
Cu1Zr1.86S4,1.26
Zr3O1,0.2
Zr6O1,0.18
Mg1Se1,5.63
Mg1Te1,3.6
Mg1Ge1N2,4.4
Mg1Si1N2,4.05
Cu2Mg1Ge1S4,2.36
Cu2Mg1Si1S4,3.2
Mg2Pb1,0.1
Mg2Ge1,1.67
Mg2Ge1Se4,2.02
Mg2Sn1,0.28
Mg2Si1,2.27
Mg2Co1,0.66
Mg3N2,2.8
Mg3P2,1.4
As1N1Mg3,1.33
Mg3As2,2.55
Mg3Sb2,0.82
Mg3B50C8,2.7
Mg5B3O9F1,5.63
Th1O2,3.5
Th1O1S1,2.22
Th1O1Se1,1.65
Th1O1Te1,1.45
Th2Se5,0.37
Th2Ge1Se2,1.98
Hf1O2,5.55
Hf1S2,2.9
Hf1S3,2.85
Hf1Se2,2.2
Hg4P2Hf1Cl6,3.26
Hg4As2Hf1Cl6,2.47
Lu1P1,1.3
Lu1In3S6,1.27
Cd4Lu1B3O10,3.7
Lu2O3,5.5
Lu2Cr1S4,1.75
Tl1Cu3Lu2Se5,2.12
Tm1As1,1.18
Cu3Tm1Te3,0.14
Tm2O3,4.53
Tm4Sb2Se11.68,1.22
Er1N1,3.0
Er1Se2,1.07
Er1Te1,0.9
Er1B6,3.5
Er1Bi1W2O9,3.26
Cu3Er1Te3,0.24
Er1In3S6,1.28
Er2O3,5.42
Er2Se3,1.66
Er2Mo3O12,0.96
Er2Te3,0.9
Er3Te4,0.9
Ho1N1,1.88
Cu3Ho1Se3,0.16
Cu3Ho1Te3,0.26
Ho1In3S6,1.23
Ho2O3,5.42
Ho2S3,0.5
Ho2Mo3O12,1.07
Ho2Ge1S5,2.5
Ho2Hf1S5,1.0
Y1N1,1.9
Y1H2N1O5,4.83
Y1F1Mo1O4,3.78
Y1Cl1Mo1O4,3.82
Y1Pt1Sb1,0.16
Y1Pd1Sb1,0.27
Y1B66,0.8
Y1Ni1Sb1,0.18
Cu1Y1O2,3.5
Cu3Y1Se3,0.88
Cu3Y1Te3,0.72
Cd4Y1B3O10,3.78
Zn1Y1Bi1O4,1.58
Y1V1Se1O10,2.7
Y1V1Te1O10,2.2
Bi2Y1V1O8,2.09
Y2O3,5.6
Y2S3,2.9
Y3Ga1S6,2.88
Y4Ga1Sb1S9,2.06
U1Y4O3S5,1.95
Y6Zn1Si2S14,2.38
Dy1N1,2.6
Dy1As1,1.0
Dy1Te1.4,0.6
Dy1Te1.45,0.6
Dy1Te1.7,0.35
Dy1B6,3.3
Cu3Dy1Se3,0.2
Cu3Dy1Te3,0.34
Dy1In3S6,1.22
Dy2O3,5.0
Dy2S3,3.0
Dy2Mo3O12,1.92
Dy2Te3,0.69
Dy3Ga1S6,2.81
Dy3Al0.5Si1S7,2.22
Dy4S4Te3,1.43
Dy4Ga1Sb1S9,2.58
Gd1N1,1.54
Gd1H2N1O5,4.84
Gd1As1,0.63
Gd1Te1,1.3
Gd1Sb2B1O8,3.48
Gd1B6,3.6
Gd1B66,1.27
Cu3Gd1S3,1.62
Cu3Gd1Se3,0.14
Cu3Gd1Te3,0.52
Gd1In3S6,1.13
Cd4Gd1B3O10,3.8
Mn1.95Gd1In1.05S5,1.66
Gd1Sc1S3,2.1
Gd1.05Sc0.95Se3,1.2
Mn2.04Gd1.47In0.49S5,1.75
Gd1.87Lu2.13Se6,1.56
Gd2O3,5.3
Gd2S3,2.55
Gd2Se3,2.2
Gd2Mo3O12,4.06
Gd2Te3,0.74
Gd2Mn4S7,1.44
Gd2Zr1S5,1.88
Al0.74Gd3Si0.7S7,2.34
Gd3.04Sc0.96S6,1.5
Gd4Ga1Sb1S9,2.41
Gd6Ge2.5S14,2.2
Eu1O1,1.12
Eu1N1,1.25
Eu1S1,1.65
Eu1Se1,3.1
Eu1H2,1.85
Eu1Te1,2.0
Eu1Sb2S4,1.2
Eu1Sb2Se4,0.95
Eu1Sb4S7,0.98
Eu1Sb4Te7,0.54
Eu1Sb2B1O8,3.46
Eu1Bi1W2O9,3.63
Eu1Bi2Se4,1.02
Eu1Bi2Te4,0.44
Eu1Sn1Te2,0.6
Eu1Cu2Sn1S4,1.85
Eu1Ga2S4,2.25
Eu1Ga2Se4,2.16
Eu1Ga2Te4,1.7
Eu1In2S4,1.5
Eu1In2Se4,1.31
Eu1In2Te4,1.22
Eu1Ir4In2Ge4,0.26
Eu1V1O4,3.26
Eu1Al2O4,2.74
Eu1Lu2Se4,1.7
Eu1Tm2Se4,1.8
Eu1Er2Se4,1.7
Eu1Ho2Se4,1.8
Eu1Dy2Se4,1.8
Ag0.5Eu1.75Ge1S4,2.14
Eu1.83Ta15O32,0.23
Eu2O3,4.5
Eu2Se3,1.02
Eu2Sn1Se5,1.07
Eu2Ga2Ge1S7,2.3
Eu3S4,1.7
Eu3Se4,0.58
Eu3P2,1.2
Eu3As2,0.6
Eu3Sb4S9,1.2
Eu3Sb4Se9,1.08
Eu3Bi4S9,1.18
Eu3In2P4,0.45
Eu4Te7,0.31
Eu7Ga6Sb8,0.6
Sm1S1,2.3
Sm1Se1,0.46
Sm1P1,1.09
Sm1As1,1.03
Sm1Te1,0.38
Sm1Sb1,0.59
Sm1Sb2B1O8,3.54
Sm1B6,3.5
Sm1B66,0.8
Sm1Bi1W2O9,3.39
Sm1Sn1Te2,0.52
Sm1Cu1O1S1,2.9
Sm1Cu1O1Se1,2.6
Cu1Sm1Se2,2.1
Cu3Sm1S3,1.82
Cu3Sm1Te3,0.23
Sm1In3S6,1.18
Er3Sm1Se6,2.0
Sm1.82Lu2.18Se6,1.51
Sm2O3,5.0
Sm2S3,2.96
Sm2Se3,2.3
Sm2Te3,0.7
Sm2Sn3Se9,0.7
Sm2Mn3Sb4S12,1.5
Sm2Sc3,2.3
Sm2Zr1Se5,1.41
Sm3Te4,0.51
Sm3S3B1O3,2.5
Sm3Al0.33Si1S7,2.26
Sm4Ga1Sb1S9,2.23
Sm4In1Sb1S9,2.13
Nd1As1,1.04
Nd1F1Mo1O4,3.66
Nd1Te2,0.48
Nd1B6,4.9
Nd1Cu1O1S1,2.98
Nd1Cu1O1Te1,2.26
Nd1In3S6,1.15
Nd1Lu1Se3,1.61
Nd1.33Lu0.67S3,1.5
Nd2O3,4.4
Nd2S3,2.65
Nd2Se3,1.75
Nd2Te3,1.12
Nd2Sn3Se9,0.5
Nd2Zr1S5,1.83
Nd2Hf1S5,0.7
Nd3Te4,1.6
Nd4Ge3S12,2.62
Nd4In1Sb1Se9,1.57
Nd10O1Se14,1.98
Pr1F3,5.3
Pr1O1,0.55
Pr1As1,1.0
Pr1F1Mo1O4,3.64
Pr1Te1.9,1.0
Pr1Te2,1.02
Pr1Sb1,0.66
Pr1B1N2,4.0
Pr1B6,4.9
Pr1Cu1O1S1,3.03
Pr1In3S6,1.14
Tl1Pr1Se2,1.18
Tl2Pr1In1Se4,0.93
Pr1Ta1N2O1,2.0
Pr1Lu1Se3,1.56
Pr1.29Lu0.71S3,1.38
Pr2S3,2.68
Pr2Se3,1.9
Pr2Te3,1.3
Pr2Te4O11,3.65
Pr2Ge1Se5,1.8
Pr2Ge2Se7,1.32
Pr4Te7,0.46
Pr4In1Sb1Se9,1.89
Pr10O1Se14,1.89
Ce1F3,4.85
Ce1O2,3.41
Ce1N1,0.7
Ce1F1Mo1O4,2.52
Ce1Bi1W2O9,2.34
Ce1In3S6,1.11
Tl2Ce1P2S7,2.4
Ce1Mn0.5O1Se1,2.01
Ce1Ta1N2O1,1.9
Ce1Sc1O3,3.2
Ce1.3Lu0.7S3,1.25
Ce2S3,1.12
Ce2Se3,1.75
Ce2Te3,1.4
Ce2Ge1Se5,1.7
Ce2Ge2Se7,1.1
Ce2Sn3Se9,0.3
Ce2O2Fe1Se2,0.64
Ce3Mo1O7,2.0
Ce3Lu1Se6,1.1
Ce4Te7,0.5
Ce4Ge3S12,2.3
Ce4In1Sb1Se9,1.69
Ce8Sb2S15,1.99
Ce10O1Se14,1.93
Ce15B8N25,3.5
Yb1S1,1.1
Yb1Se1,1.5
Yb1Cl1W1O4,4.23
Yb1As1,1.02
Yb1Te1,1.8
Yb1Sb1,1.0
Yb1Sb2S4,1.12
Yb1Sb2Te4,0.34
Yb1Sb4Te7,0.22
Yb1B66,1.27
Yb1Sn1Te2,0.75
Cu3Yb1S3,1.56
Cu3Yb1Se3,0.2
Yb1Ga2S4,2.3
Yb1Ga2Se4,1.8
Yb1In3S6,1.31
Sm2Yb1Cu1S5,1.28
Nd2Yb1Cu1S5,1.35
Pr2Yb1Cu1S5,1.25
Ce2Yb1Cu1S5,1.37
Ce2Yb1Cu1Se5,1.05
Yb2O3,5.22
Eu1Yb2S4,1.6
Eu1Yb2Se4,1.3
Yb4Sb2S11.25,1.71
Pr2.48Tb0.52Ga1.67S7,2.61
Tb1Cl1W1O4,4.24
Tb1Sb2B1O8,3.53
Cu3Tb1Se3,0.16
Cu3Tb1Te3,0.46
Tb1In3S6,1.2
Tb2O3,3.0
Tb2Mo3O12,1.41
Tb2Ge1S5,2.1
Eu1Tb2Se4,2.0
Tb4Ga1Sb1S9,2.44
Tb4Al2O9,4.59
La1S1.86Se0.14,2.5
La1H2N1O5,4.76
La1P1,0.54
La1Sb1,0.8
La1B6,4.1
La1Si2,0.19
La1Cu1O1S1,3.14
La1Cu1O1Se1,2.83
La1Cu1O1Te1,2.31
La1Ga1O3,4.4
La1Ga1S3,2.5
La1In1S2O1,2.73
La1In3S6,1.03
La1Zn1As1O1,1.5
La1V1I5O16,3.58
La1Nb1O1N2,1.7
La1Be1B3O7,5.65
La1Ta1N2O1,2.0
La1Mg2Pd1H7,1.0
La1.86Tb1.14Ga1.67S7,2.67
La2O3,5.4
La2S3,2.77
La2Se3,1.7
La2Mo1O5,0.49
La2Ge1Se5,1.24
La2Ge2Se7,1.08
La2O2Fe1Se2,0.7
La2Ga0.33Sb1S5,1.76
La2Ga2Ge1S8,2.78
La2O2Zn1Se2,3.4
La2Ni1V1O6,0.45
La2Co1V1O6,0.41
La2V2I1O9,3.63
La2O2Mn1Se2,1.6
La2Mn1Ni1O6,1.2
La2Co1Ti1O6,1.02
La2Zr1S5,2.01
La2Hf1S5,0.7
La2Yb1Cu1S5,1.45
La2Yb1Cu1Se5,1.15
Pb2Bi5.9La2.1S14,1.0
La3F1Mo4O16,3.7
La3Te4,0.43
La3Sb0.33Si1S7,1.92
La3Sb0.33Si1Se7,1.75
La3Cu1Ge1Se7,2.0
La3Ga1Ge0.5S7,2.54
La3Cu1Ga1Se7,1.36
La3In1Ge0.5S7,2.61
La3Mg0.5Sn1S14,1.71
La3Lu1Se6,1.26
La4Fe1Sb2S10,1.0
La4Fe1Sb2Se10,0.85
La4In1Sb1S9,2.07
La4In1Sb1Se9,1.76
La4Cd4In2S13,2.27
La5Cu6.33O4S7,2.0
La5In3S9O3,2.6
La6Sb4S3O12,2.6
La8Sb2S15,2.3
La10O1Se14,2.04
La20Mo12O63Cl4,2.4
Ca1I2,5.98
Ca1S1,5.4
Ca1Se1,5.0
Ca1Te1,4.3
Ca1B6,4.5
Ca1Bi2O4,3.08
Ca1Sn1O3,4.4
Ca1Zn1O1S1,3.7
Ca1Ta1O2N1,2.4
Ca1Mg2N2,3.25
Ca1Gd2S4,2.55
Ca1Sm2S4,2.05
Ca1Nd2S4,2.7
Ca1Pr2S4,2.9
Ca1La2S4,2.7
Ca2Bi2O5,3.34
Ca2Ge1,1.0
Ca2Sn1,0.9
Ca2Sn1S4,2.32
Ca2Si1,1.9
Ca2Cd1As2,0.95
Ca2Sc1Sb1O6,3.68
Ca2Sm1Ta1O6,3.45
Ca3N2,1.55
Ca3Sb2,1.4
Ca3B2N4,4.1
Ca3Bi1P3O12,4.2
Ca3Ti2Si3O12,1.65
Ca3La2Sn3S12,1.45
Ca4Bi6O13,2.76
Ca5Bi14O26,2.6
Ca10Ge16B6O51,5.47
Ag1Li0.33Sn0.67O2,2.7
Ag1Li0.33Ti0.67O2,2.7
Li0.5Pb1.75Ge1S4,1.95
Li1I1,5.62
Li1I1O3,4.37
Li1H3Se2O6,4.9
Li1As1S2,1.6
Li1As1Se2,1.11
Li1Mo1I1O6,2.8
Li1Sb1S2,1.36
Li1Sb1Se2,0.68
Li1Sb1Te2,0.13
Li1Pb1Sb3S6,1.6
Li1B3,2.0
Li1Pb1B9O15,4.75
Li1Bi1S2,0.18
Li1Bi3O4Cl2,3.35
Li1B6Si1,2.27
Li1Ga1O2,5.6
Li1Ga1S2,3.76
Li1Ga1Se2,3.34
Li1Ga1Te2,2.31
Li1Ga1Ge2Se6,2.64
Li1In1I4O12,4.27
Li1In1S2,3.57
Li1In1Se2,2.83
Li1In1Te2,1.46
Li1In1Sn1S4,2.3
Li1Cd1B1O3,4.28
Li1Zn1N1,1.91
Li1Zn1B1O3,3.1
Zn2Li1Ga1O4,4.0
Li1Al1B14,2.05
Li1Nb1O3,4.0
Li1Bi4Nb3O12,3.0
Li1Ta1O3,4.1
Li1Bi4Ta3O12,3.5
Li1Mg1N1,3.2
Li1Mg1As1,0.7
Li1Mg1Bi1,0.4
Li1Gd5P2O13,3.73
Eu1Li1H3,1.5
Li1Sm3Si1S7,2.83
Li1Ca3As2H1,1.4
Li2Pt1O3,2.3
Li2Mo2Se2O11,3.3
Li2W1Te1O6,4.0
Li2Mo1Te1O6,3.5
Li2Hg1Ge1,0.93
Li2Hg1Ge1S4,2.46
Li2Hg1Sn1S4,2.32
Li2Hg1Si1S4,2.68
Li2Fe1Ge1S4,1.42
Li2Fe1Sn1S4,1.86
Li2Ga1Ge2Se6,2.64
Li2Ga2Ge1S6,3.65
Li2In2Ge1S6,3.45
Li2In2Ge1Se6,2.3
Li2In2Si1S6,3.61
Li2In2Si1Se6,2.54
Li2Cd1Ge1,0.99
Li2Cd1Ge1S4,3.1
Li2Cd1Sn1S4,3.26
Li2Zn1Ge1,1.1
Li2Zn1Ge1Se4,1.86
Li2Zn1Sn1S4,2.87
Li2Zn1Sn1Se4,1.87
Li2Mn1Ge1S4,3.06
Li3P1S4,3.68
Li3Bi1,0.7
Li3Fe1Te4O11,1.98
Li3Ga1Te4O11,3.85
Li3Al1P2,2.75
Li3Al1Te4O11,3.63
Li3Sc1N2,2.9
Li4Hg1Ge2S7,2.75
Li4.5Fe0.5Te1O6,3.25
Li4.5Ga0.5Te1O6,4.99
Li4.5Cr0.5Te1O6,1.79
Li4.5Al0.5Te1O6,4.9
Li4.5Mn0.5Te1O6,1.97
Li8Ge1N4,2.61
Li9Ga13Te21O66,4.45
Sr0.5Ta1O3,3.7
Sr1O1,5.7
Sr1S1,4.76
Sr1Se1,4.42
Sr1Se1O4,4.75
Sr1Pb1O3,1.78
Sr1Pb3Br8,3.2
Sr1Te1,3.73
Sr1B6,3.68
Sr1Bi1O2Cl1,3.52
Sr1Ge2,0.9
Sr1Sn1O3,4.1
Sr1Ir4In2Ge4,0.25
Sr1Cr1O4,2.45
Sr1Zn1S1O1,3.1
Sr1Ti1O3,3.4
Sr1Ta1O2N1,1.99
Sr1Zr1S3,0.8
Sr1Mg1Sn1Se4,2.0
Sr1Th1P2S8,3.02
Sr1Nd2S4,2.45
Sr1Pr2S4,2.7
Sr1La2S4,2.85
Sr2V2Se3O15,2.96
Sr2V3Se5O18,2.47
Sr2Ti1O4,3.41
Sr2Sc1Sb1O6,3.57
Sr2Sm1Ta1O6,3.38
Pr2Sr2Pt1O7.07,3.05
La2Sr2Pt1O7.13,2.52
Sr2Bi5.42La2.58S14,1.0
Sr3Se3O8Cl1,4.4
Sr3Bi1P3O12,4.0
Sr3Ge1Sb2Se8,0.75
Sr3Ti2O7,3.26
Sr3Eu1P3O12,3.99
Sr4Te3O8Cl4,4.0
Sr4Ga8Ge15,0.05
Sr4V2Se6O21,2.66
Sr5V3O12F1,4.5
Sr8.007Ge2.043Bi7.949Se24,0.74
Na0.5Pb1.75Ge1S4,2.08
Na0.5Pb1.75Ge1Se4,1.6
Na0.75Eu1.625Ge1Se4,2.0
Li0.2Na0.8As1Se2,1.57
Na1N1O2,3.02
Na1I1,5.89
Na1H3Se2O6,4.9
Na1As1S2,2.33
Na1As1Se2,1.57
Na1Sb1,0.82
Na1Sb1F6,3.76
Na1Sb1S2,1.8
Na1Sb1Se2,1.36
Na1Sb1P2S6,2.17
Na1Sb1Te2,0.47
Na1B15,0.32
Na1Bi1S2,0.42
Na1Bi1Se2,0.32
Na1Ge3P3,2.06
Na1Ga1Ge3Se8,2.35
Na1In1I4O12,4.25
Na1In1S2,1.9
Na1In1Se2,2.8
Na1In1Te2,1.6
Na1In1Te2O6,4.0
Na1In1Sn1S4,2.4
Na1In3S5,2.18
Na1In3Se5,2.17
Na1Cd1As1S3,2.93
Na1Cd4P3,1.1
Na1Al1Ge1S4,3.6
Na1Nb1Se2O7,3.65
Na1Nb2P1S10,1.72
Na1Sc1Se2O6,5.5
Na1Y1Te4O10,3.9
Na1Sm1P2S6,2.54
Na1Ce1S3,2.15
Na1Yb1P2S6,1.85
Na1La1S3,2.61
Na1La2Ta1O6,4.5
Na2S1,2.4
Na2Se1,2.0
Na2Pt1I6O18,2.4
Na2Mo2Se2O11,3.1
Na2Te1,2.3
Na2Te1S3,2.35
Na2Te1Se3,1.95
Na2Ge2Se5,2.38
Na2Hg3S2.51Se1.49,2.03
Na2Hg3Ge2S8,2.68
Na2Hg3Sn2S8,2.45
Na2Hg3Si2S8,2.86
Na2Ga2Ge1S6,3.29
Na2Ga2Sn1S6,2.2
Na2In2Ge1S6,3.17
Na2Ge1In2Se6,2.47
Na2In2Si1S6,3.27
Na2In4S1Se6,1.92
Na2Cd1Ge2S6,2.57
Na2Cd1Ge2Se6,2.37
Na2Cd1Sn1S4,2.52
Na2Zn1Ge2S6,3.25
Na2Zn1Ge2Se6,2.36
Na2Zn1Sn2S6,2.93
Na2Zn3Se4O12,4.9
Na2Nb4Se4O19,3.56
Na2Ti3O7,3.51
Na2Gd1P2O8,4.19
Na2Eu1Ge1Se4,2.0
Na3W1O4Cl1,4.99
Na3Mo1O4F1,4.77
Na3Mo1O4Cl1,4.69
Na3Sb1,1.1
Na3Sn2F6Cl1,3.88
Na3Zn1B5O10,3.2
Na4Al4Si19,0.64
Na4Mg1Ge2Se6,2.53
Na4Mg1Si2Se6,2.85
Na4Eu1Ge2S6,2.15
Na5Gd1Mo4O16,3.38
Na7Co2O6,0.5
Na7.36Ga7.24Sn4.78Se24,1.5
Ba1O1,4.8
Ba1S1,3.88
Ba1Se1,3.6
Ba1Au1I5O15,2.32
Ba1Pd1I4O12,1.97
Ba1Pd1Se6,2.15
Ba1Te1,3.4
Ba1Te1Mo2O9,3.12
Ba1Sb1B1S4,2.34
Ba1B6,2.64
Ba1Bi1O2Cl1,3.71
Ba1Ge2,1.0
Ba1Rh2Ge4Se6,1.09
Ba1Ir2Ge4S6,1.54
Ba1Ir2Ge4Se6,1.33
Ba1Hg1S2,1.93
Ba1Hg1Se2,1.56
Ba1Sn1O3,3.1
Ba1Sn2S5,2.35
Ba1Ag1Sb1S3,2.2
Ba1Si2,1.3
Ba1Re1H9,3.44
Ba1Cu1Te1F1,2.3
Ba1Cu1Sb1S3,2.0
Ba1Cu1Sb1Se3,1.6
Ba1Cu2Sn1Se4,0.48
Ba1Ga2S4,4.13
Ba1Ga2Se4,3.16
Ba1Ga2Ge1S6,3.26
Ba1Ga2Ge1Se6,2.81
Ba1Ga2Sn1Se6,1.6
Ba1Ga2Si1S6,3.75
Ba1Ga2Si1Se6,2.88
Ba1Ga4S7,3.54
Ba1Ga4Se7,2.64
Ba1In2S4,3.06
Ba1In2Se4,2.63
Ba1In2P4O14,3.97
Ba1Cd1Sn1S4,2.3
Ba1Zn1O1S1,3.9
Ba1Zn1Ge1Se4,2.46
Ba1Zn1Si1Se4,2.71
Ba1Zn2As2,0.23
Ba1V2Se1O8,2.13
Ba1Al4Se7,3.4
Ba1Ti1O3,3.06
Ba1Ta1O2N1,1.78
Ba1U1Se3,1.0
Ba1Pr1O3,2.0
La2Ba1Te5O14,3.81
Ba1La2In2S7,1.87
Ba1La2In2Se7,1.66
Ba1Ca1B2O5,5.6
Na1Ba1B5O9,4.78
Na2Ba1Ge1S4,3.7
Na2Ba1Ge1Se4,2.25
Na2Ba1Sn1S4,3.27
Na2Ba1Sn1Se4,2.46
Ba1.88Ta15O32,0.13
Ba2Sb7O14H1,2.7
Ba2B4O9H2,5.12
Ba2B6O11,5.17
Ba2Hg1S5,2.4
Ba2Sn1Se4,1.9
Ba2Sn1Se5,1.8
Ba2Ga1S4,2.55
Ba2Ga1Se4,1.63
Ba2As1Ga1Se5,1.39
Ba2Ga1Sb1Se5,2.51
Ba2Ga1Sb1Te5,1.66
Ba2Bi1Ga1S5,2.38
Ba2Ga1Bi1Se5,2.21
Ba2Ga1Bi1Te5,1.43
Ba2Ga8Ge1S16,3.0
Ba2Ga8Si1S16,3.4
Ba2In1Sb1Se5,1.92
Ba2Bi1In1S5,1.55
Ba2Ag1In1S4,2.32
Ba2In2S5,2.47
Ba2In2Se5,2.12
Ba2Cd1B6O12,4.59
Zn0.2Ba2B2S5.2,3.54
Ba2Zn1Se3,2.75
Ba2Zn1Te3,2.1
Ba2V2Te2O11,3.16
Ba2Zn1V2O8,3.48
Ba2V4Te3O18,2.64
Ba2In1Ta1O6,4.17
Ba2Sc1Ta1O6,4.19
Ba2Cu2Th1Se5,1.75
Ba2Ga1Er1Se5,1.95
Ba2Ga1Er1Te5,1.15
Ba2In1Er1Se5,2.29
Ba2In1Er1Te5,1.35
Ba2Ga1Y1Se5,2.31
Ba2Ga1Y1Te5,1.08
Ba2In1Y1Se5,2.31
Ba2In1Y1Te5,1.36
Ba2Ga1Dy1Se5,2.35
Ba2Ga1Dy1Te5,1.13
Ba2In1Dy1Se5,2.27
Ba2In1Dy1Te5,1.35
Ba2Ga1Gd1Se5,1.87
Ba2Ga1Gd1Te5,1.12
Ba2In1Gd1Se5,2.24
Ba2In1Gd1Te5,1.36
Ba2Ga1Sm1Se5,2.27
Ba2Ga1Sm1Te5,1.04
Ba2In1Sm1Se5,2.22
Ba2In1Sm1Te5,1.36
Ba2Sm1Ta1O6,3.02
Ba2Nd1Ga1S5,2.12
Ba2Ga1Nd1Se5,2.18
Ba2In1Nd1Se5,2.2
Ba2In1Nd1Te5,1.37
Ba2In1Ce1Te5,1.35
Na1Ba2Cu3S5,0.45
Ba3Sb2S7,2.4
Ba3B1Sb1S6,2.62
Ba3B1Sb1Se6,1.89
Ba3B1.5S6Sb0.5,3.01
Ba3B1.5S6Bi0.5,2.43
Ba3Bi2Te1O9,2.3
Ba3Ge1S5,3.0
Ba3Sn0.87Bi2.13Se8,0.79
Ba3Sn1Sb2Se8,0.97
Ag2Ba3Sn2S8,2.37
Ba3Fe1S4Br1,1.65
Ba3In1S4Cl1,3.42
Ba3In2P4O16,3.87
Ba3Cd1Sn2S8,2.75
Ba3V2Se4O16,2.87
Ba3Nb2Se9,1.3
Ba3Ta2Se9,1.6
Ba3Zn1Ta2O9,4.32
Ba3Ta5O14N1,2.8
Ba3Mg1Ta2O9,4.28
Ba3Th1Se7,1.96
Ba3Er2P4S16,3.3
Ba3Ho2P4S16,3.3
Ba3Dy2P4S16,3.28
Ba3Gd2P4S16,3.41
Ba3Eu1P3O12,4.09
Ba3Tb2P4S16,3.37
Ba3La3Cu6O14,1.8
Ba4Sb3S8Cl1,2.09
Ba4Ge3S9Cl2,2.91
Ba4Ge3Se9Cl2,1.89
Ba4Si3Se9Cl2,1.76
Ba4Ga4Ge1Se12,2.18
Ba4Ga4Sn1Se12,2.16
Ba4Ag1Ga5S12,2.52
Ba4Ga5Si18,0.31
Ba4Cu1Ga5S12,2.82
Ba4Cu1Ga5Se12,1.45
Ba4Ag1In1Se6,2.41
Ba4Cu1In1Se6,2.23
Ba4Li1Ga5Se12,2.65
Ba5Ga2Se8,2.51
Ba5Ga4Se10,2.2
Ba5Ga6Ge1P12,1.39
Ba5Ga6Sn1P12,1.21
Ba5In4Te4S7,2.13
Ba5Cd1Ga6Se15,2.6
Ba5V3O12F1,3.85
Ba6Sn6Se13,1.52
Ag2.7Ba6Sn4.3S16,1.58
Ba6Ga2Sn1Se11,1.99
Ba6Al4B14O33,3.44
Ba7B3O9F5,4.94
Ba7Sn5S15,2.29
Ba7Ag1Ga5S15,2.6
Ba8Hg4S5Se7,1.98
Ba8Sn4S15,2.31
Ba8Al10B12O41,3.1
Ba12In4S19,2.56
Ba23Ga8Sb2S38,2.84
Rb1I1,5.83
Rb1H2I3O9,4.07
Rb1H3Se2O6,4.84
Rb1P1Se6,2.18
Rb1Pb1P1O4,4.35
Rb1Mo1P1O6,2.96
Rb1Sb1S2,2.1
Rb1Sb1Se2,1.62
Rb1Sb1Te2,0.38
Rb1Bi1S2,1.26
Rb1Bi1Se2,0.9
Rb1Bi3Se5,0.48
Rb1Bi3Se4Te1,0.8
Rb1Ge1B3O7,5.58
Rb1Hg1Sb1Te3,0.2
Rb1Ag2Te1S6,2.04
Rb1Ag2Sb1S4,2.3
Rb1Ag5P2S8,2.4
Rb1Cu1Sb2S4,1.6
Rb1Cu1Sn1S3,1.44
Rb1Cu1Sn1Se3,1.04
Rb1Cu2As1S3,1.96
Rb1Cu2Sb1S3,1.67
Rb1Cu4As1S4,2.15
Rb1Ga1Sn1Se4,1.88
Rb1In1S2,3.3
Rb1In1Te3O8,3.9
Rb1In1Ge1S4,3.1
Rb1In1Sn1S4,2.7
Rb1In5S6,2.5
Rb1Cd1B3O6,4.2
Rb1Cd4Ga5S12,3.02
Rb1Cd4Ga5Se12,2.19
Rb1Cd4Ga5Te12,1.64
Rb1Cd4In5Se12,1.57
Rb1Zn4In5Se12,1.76
Rb1Cu2V1S4,1.45
Rb1Nb1Se2O7,4.1
Rb1Nb3Te2O12,3.49
Rb1Nb4Br11,0.46
Rb1Mn4Ga5Te12,1.53
Rb1Mn4In5Se12,1.76
Rb1Ta3Te2O12,3.88
Rb1Sc1Se2O6,4.9
Rb1Zr1P1Se6,2.0
Rb1Y1Te2O6,3.6
Rb1Yb1Zn1Se3,2.07
Rb1Tb1Se2,2.5
Rb1Ca1B1O3,3.67
Na2Rb1Sb1,1.0
Rb1.45Pb3.1Sb7.45Se15,0.45
Rb1.54Cd1.54Bi2.46S6,1.33
Rb2Pt1I6O18,2.4
Rb2P1S5,2.3
Rb2Mo3Se3O16,3.1
Rb2Te1,4.5
Rb2Te1Br6,2.14
Rb2Te1I6,1.4
Rb2Ge1B4O9,5.54
Rb2Hg1P2Se6,2.32
Rb2Hg3Ge2S8,2.8
Rb2Hg3Sn2S8,2.48
Rb2Sn3Sb2S10,2.33
Rb2Ag1P1S4,2.6
Rb2Cu2Sb2S5,1.6
Rb2Cu2Sn1S4,2.08
Rb2Cd1Br2I2,3.35
Rb2Cd1P2Se6,2.58
Rb2Cd3S4,2.92
Rb2Cd3Se4,2.37
Rb2Cd3Te4,2.3
Rb2Cd3B16O28,4.76
Rb2Zn3Se4O12,4.9
Rb2Ag1V1S4,1.83
Rb2Cu1V1S4,1.85
Rb2Cu1Nb1S4,2.64
Rb2Cu1Nb1Se4,2.19
Rb2Ti1Ag2S4,2.33
Rb2Ti1Cu2S4,2.19
Rb2Ba1Nb2Se11,1.53
Rb3Sb1,1.0
Rb3Sb2Br9,2.48
Rb3Sb2I9,1.94
Rb3Bi2Br9,2.62
Rb3Bi2I9,2.1
Rb3Ag9P4S16,2.6
Rb3Cd1B5O10,2.34
Rb3Zn1B5O10,2.66
Rb3Al3Ge7S20,3.1
Rb3Al3Ge7Se20,2.4
Rb3Nb2As1Se11,1.5
Rb3Ta2As1S11,2.21
Rb3Na1Mo2O8,4.84
Rb4Mo5P2O22,3.51
Rb4Ge1P4Se12,2.0
Rb4Ge3B6O17,5.42
Rb4Ag9Sb4S12,2.0
Rb4Ga4Si19,1.18
Rb4Ti3S14,1.59
Rb5B1S4O16,3.99
Rb7Th2P6Se21,2.07
Rb9Bi13S24,1.3
K0.8Hg1.2Sn2S8,2.78
K1I1,5.92
K1I1O3,3.87
K1Au1I4O12,2.75
K1H3Se2O6,4.9
K1P1Se3,2.08
K1P1Se6,2.16
K1Au5P1S8,2.14
K1Pb1P1O4,4.44
K1As1Se2,1.63
K1P2Te1,1.4
K1Sb1,0.9
K1Sb1S2,1.67
K1Sb1S2O8,4.64
K1Sb1Se2,1.37
K1Sb5S8,1.82
K1Pb1B5O9,3.1
K1Bi1S2,0.9
K1Bi1Se2,0.67
K1Bi3S5,1.21
K1Ge2Se4,1.8
K1Au1Sn1S3,2.3
K1Au1Sn1Se3,2.28
K1Ag1As1S2,2.21
K1Ag2P1S4,3.02
K1Ag2As1S3,2.25
K1Ag2Sb1S3,2.1
K1Ag2Sb1S4,2.2
K1Bi1Si1S4,2.25
K1Si2P3,1.72
K1Cu1Sn1S3,1.47
K1Cu1Sn1Se3,1.04
K1Cu2Sb1S3,1.7
K1Bi1Cu2S3,1.29
K1Cu3S2,1.46
K1Cu4As1S4,1.9
K1Fe1Cu1Te2,1.06
K1Fe2Bi1O5,1.76
K1Ga1Se2,2.6
K1Ga1Sn1Se4,1.73
K1In1S2,3.0
K1In1Se2,2.68
K1In1Te2O6,4.0
K1In1Ge1S4,3.1
K1In1Sn1S4,2.3
K1Cd4Ga5Se12,2.16
K1Zn4B3O9,2.32
K1V2I3O13,2.3
K1Ag11V4O16,2.0
K1Al1Ge1S4,3.5
K1Nb1Se2O7,4.0
K1Nb3Se2O12,3.46
K1Nb3Te2O12,3.52
K1Ti1P1O5,3.8
K1Ta1O3,3.5
K1Ta3Te2O12,4.06
K1U1O3Cl1,2.37
K1Sc1Se2O6,5.4
K1Zr1P1Se6,2.0
K1Cu1Th1S3,2.95
K1Y1Te2O6,3.8
K1Eu1As1S4,1.89
K1Sm2Cu1S4,2.17
K1Ce1Se4,1.54
K1Tb1Se4,1.65
Na2K1Sb1,1.0
K1Ba1As1Se3,2.26
K1Ba1Sb1Se3,2.04
K1Ba1B5O9,3.65
K1Rb1Bi8Se13,0.64
K1.25Pb3.5Bi7.25Se15,0.53
K1.46Sn3.09Bi7.45Se15,0.39
K1.83Cd1.83Bi2.17S6,1.37
K2S1,2.1
K2Se1,1.8
K2Au1I5O15,2.65
K2Pd1Se10,1.48
K2Au1P1S4,2.63
K2Mo2Se2O11,3.3
K2Te1,1.9
K2Te1I6,1.38
K2Sb8Se3,1.31
K2Bi8Se13,0.59
K2Pb1Ge2S6,2.85
K2Ge3B2O10,5.38
K2Hg1P2Se6,2.25
K2Hg3S2.69Se1.31,2.28
K2Hg3S1.03Se2.97,2.11
K2Hg3Ge2S8,2.64
K2Au2Sn1S4,2.75
K2Hg3Sn2S8,2.5
K2Sn3Sb2S10,2.3
K2Ag1Sn1Se4,1.8
K2Ag3Sb3S7,2.2
K2Re1H9,5.71
K2Fe1Ge3Se8,1.95
K2Cu1Ga3Se6,1.72
K2In2P3Se10,2.2
K2Ag1In3Se6,1.64
K2Cu1In3Se6,1.68
K2Cd1P2Se6,2.58
K2Cd2Te3,1.93
K2Cd3S4,2.75
K2Cd3Se4,2.36
K2Cd3Te4,2.26
K2Zn1Te2,3.0
K2Zn1Sn2Se6,1.71
K2Zn1Sn3S8,2.3
K2Ag1V1S4,1.85
K2Cu1V1S4,1.82
K2Cu1Nb1S4,2.82
K2Cu1Nb1Se4,2.14
K2Mn1Sn1Se4,1.7
K2Mn1Sn2Se6,2.0
K2Ti1Cu2S4,2.04
K2Ta15O32,0.33
K2Cu2Th1S4,2.17
K2Ho4Cu4S9,2.43
K2Dy2Ti3O10,3.38
K2Gd2Sb2Se9,1.33
K2Gd2Ti3O10,3.3
K2Sm1P2S7,2.59
K2Sm2Ti3O10,3.26
K2Nd2Ti3O10,3.25
K2Ce1P2O8,2.46
K2La2Sb2S9,2.2
K2La2Ti3O10,3.05
K2Ba1Nb2S11,1.77
K2Rb1Sb1,1.2
K2.15Pb1.7Sb8.15Se15,0.6
K3Bi2I9,2.1
K3Ga3Ge7S20,3.25
K3Ga3Ge7Se20,2.23
K3Cd1B5O10,3.47
K3Cr2P3S12,1.35
K3Nb2As1Se11,1.53
K3Ti2P5S18,1.61
K3Ta2As1S11,2.21
K3Ta2As1Se11,1.45
K3Cu3Th2S7,2.49
K3Sm1As2S8,2.2
K3Na1Sn3Se8,2.2
K4Ge1S4,0.8
K4Ge1Se4,0.64
K4Ge1P4Se12,2.0
K4Ag9Sb4S12,2.0
K4Ga4Si19,1.18
K4Al4Si19,1.4
K4Nb2S11,2.35
K4Zr3Se15,1.81
K4Hf3Se14,2.02
K4Sn3Ce3S14,2.46
K5In3P6Se19,2.2
K6Cd1Te4,2.51
K6Cd4Sn3Se13,2.33
K6Nb2.97Ta1.03S25,2.01
K6Nb1.07Ta2.93S22,1.88
K6Yb3P5S20,2.6
K8Ce2I18O53,2.34
K9Bi13S24,1.4
K10Sn3P8Se24,1.82
K10Co4Sn4S17,1.8
K10Fe4Sn4S17,2.2
K10Zn4Ge4S17,3.34
K10Zn4Sn4S17,3.2
K10Mn4Sn4S17,2.3
K0.6Cs0.4P1Se6,2.1
Cs1Au1,2.3
Cs1H3Se2O6,4.77
Cs1P1Se4,2.44
Cs1P1Se6,1.9
Cs1Pb1P1O4,4.39
Cs1As1Se2,2.0
Cs1Sb1,0.8
Cs1Sb1S2,2.8
Cs1Sb1S2O8,4.68
Cs1Sb1Se2,1.7
Cs1Sb1Te2,0.43
Cs1Bi1S2,1.4
Cs1Bi1Se2,1.07
Cs1Bi2,0.55
Cs1Bi3Se5,0.43
Cs1Ge1I3,1.6
Cs1B3Ge1O7,5.76
Cs1Ge5B1O12,4.89
Cs1Ag1Sb4S7,2.04
Cs1Ag2As1S3,2.7
Cs1Ag2Te1S6,2.04
Cs1Ag5Te3,0.65
Cs1Cu1Sb2S4,1.7
Cs1Cu2As1S3,2.3
Cs1Cu2Sb1S3,1.63
Cs1Ga1S3,3.0
Cs1Ga1Sn1Se4,1.97
Cs1Ga1Sn2Se6,1.87
Cs1In1S2,3.4
Cs1In1Se2,2.81
Cs1In1Te2,2.16
Cs1In1Te3O8,3.9
Cs1In1Ge1S4,2.4
Cs1In1Ge1Se4,2.32
Cs1Hg1In1S3,2.3
Cs1In1Sn1S4,2.9
Cs1In1Sn2Se6,1.78
Cs1Cd1B1O3,2.58
Cs1Cd1In1Se3,2.4
Cs1Cd4Ga5S12,3.09
Cs1Cd4Ga5Se12,2.21
Cs1Cd4Ga5Te12,1.67
Cs1Cd4In5Se12,1.62
Cs1Cd4In5Te12,1.42
Cs1Zn2B3O7,5.69
Cs1Zn4In5Se12,1.61
Cs1Zn4In5Te12,1.61
Cs1Nb1Se2O7,4.2
Cs1Mn4Ga5Te12,1.55
Cs1Mn4In5Se12,1.79
Cs1Mn4In5Te12,1.48
Cs1Ta1P1Se6,2.29
Cs1Ta3Se2O12,3.88
Cs1Sc1Se2O6,5.2
Cs1Zr1P1Se6,2.0
Cs1Lu1Co1S3,1.18
Cs1Lu7S11,1.86
Cs1Lu7Se11,1.78
Cs1Tm9Cd4Se18,2.16
Cs1Er1Zn1Se3,2.56
Cs1Er9Cd4Se18,2.09
Cs1Ho9Cd4Se18,2.06
Cs1Y1Te3O8,3.4
Cs1Y1Hg1Se3,2.54
Cs1Y1Cd1Se3,2.54
Cs1Y1Zn1Se3,2.41
Cs1Dy9Cd4Se18,1.99
Cs1Gd1Zn1Te3,2.13
Cs1Sm1Hg1Se3,2.37
Cs1Sm1Cd1Se3,2.45
Cs1Sm1Zn1Se3,2.63
Cs1Ce1Hg1Se3,1.94
Cs1Ce1Cd1Se3,2.4
Cs1Yb1Co1Se3,0.95
Cs1Yb1Zn1Se3,2.1
Cs1Yb1Mn1Se3,1.6
Cs1Tb1Zn1Te3,2.12
Cs1Tb9Cd4Se18,1.95
Cs1La1Hg1Se3,2.51
Cs1Ca1B1O3,4.2
Na2Cs1Sb1,0.8
Na8Cs1B21O36,4.67
Cs1Rb1P2Se8,2.41
Rb2Cs1Sb1,1.5
Cs1K1P2Se8,2.36
K2Cs1Sb1,1.2
Cs1.13Cd1.13Bi2.87Se6,1.0
Cs1.43Cd1.43Bi2.57S6,1.28
Cs2Pt1I6O18,2.4
Cs2Pd1Se8,1.5
Cs2Pd1P2Se6,1.6
Cs2Te1,3.5
Cs2Te1Br6,2.12
Cs2Te1I6,1.5
Cs2Sb1,0.62
Cs2Hg1I2Cl2,2.15
Cs2Hg3I8,2.56
Cs2Hg3S4,2.8
Cs2Hg6S7,1.63
Cs2Sn1P2Se6,2.06
Cs2Sn3Sb2S10,2.34
Cs2Ag1Bi1Cl6,2.77
Cs2Ag1Bi1Br6,2.19
Cs2Cu1P3S9,2.4
Cs2Cu2Sb2S5,1.6
Cs2Ga2S5,3.26
Cs2Ga2Se5,1.95
Cs2Hg5.75Cd0.25S7,1.66
Cs2Cd1P2Se6,2.63
Cs2Hg4.65Cd1.35S7,1.84
Cs2Bi2Cd2S5,1.7
Cs2Cd3Te4,2.48
Cs2Cd3B16O28,4.76
Cs2Zn1Ge3S8,3.33
Cs2Zn1Ge3Se8,2.31
Cs2Zn1Ge3Te8,1.07
Cs2Zn1Sn3Se8,2.12
Cs2Zn3Se4O12,4.3
Cs2Ag1V1S4,1.77
Cs2Al2B2O7,4.13
Cs2Cu1Nb1Se4,2.19
Cs2Ti1Ag2S4,2.44
Cs2Mg1Ge3Se8,2.04
Cs2Mg1Sn3Se8,1.92
Cs2Th1P3S9,2.8
Cs2Cu3Dy1Te4,1.38
Cs2Bi8.81La1.19S16,1.0
Cs3W3P1O13,3.27
Cs3As1,0.6
Cs3Sb1,1.6
Cs3Sb2Br9,2.3
Cs3Sb2I9,1.89
Cs3Bi1,0.55
Cs3Bi2Br9,2.5
Cs3Bi2I9,1.9
Cs3Sn3F2Cl7,2.96
Cs3Nb2As1Se11,1.35
Cs3Nb9Te4O32,3.22
Cs3Na1Zn2Ge21,0.3
Cs4Bi1As3Se7,1.02
Cs4Ge1P4Se12,2.0
Cs4Pb4Ge5S16,1.95
Cs4Ag9Sb4S12,2.0
Cs4Cu3Bi9S17,0.9
Cs4Ga4Si19,1.14
Cs4In8Ge1Se16,2.2
Cs4Zr3S14,2.35
Cs5P5Se12,2.17
Cs5Bi1P4Se12,1.85
Cs6.4Na1.6Ga8Ge38,0.22
Cs10Cd4Sn4S17,3.16
Cs39Cl6Ga53Se96,2.74
